Method,SSIM,PSNR
detailedRL:,0.3253985280497564,14.143205266878518
